{"cameraMode":{"drawMode":0,"name":"Shaded","section":"Shading Mode"},"sceneLighting":true,"audioPlay":false,"sceneViewState":{"showFog":true,"showMaterialUpdate":false,"showSkybox":false,"showFlares":true,"showImageEffects":true,"showParticleSystems":true},"in2DMode":false,"pivot":{"x":-0.5485240817070007,"y":1.4526374340057374,"z":3.4206621646881105},"rotation":{"x":-0.05695759132504463,"y":0.5514031052589417,"z":-0.037773750722408298,"w":-0.8314393162727356},"size":3.4159202575683595,"orthographic":false}