{"cameraMode":{"drawMode":0,"name":"Shaded","section":"Shading Mode"},"sceneLighting":true,"audioPlay":false,"sceneViewState":{"showFog":true,"showMaterialUpdate":false,"showSkybox":false,"showFlares":true,"showImageEffects":true,"showParticleSystems":true},"in2DMode":false,"pivot":{"x":-14.382737159729004,"y":18.908538818359376,"z":33.07407760620117},"rotation":{"x":-0.10851595550775528,"y":0.28165096044540408,"z":-0.03207452595233917,"w":-0.9528332352638245},"size":1.105069637298584,"orthographic":false}