{"cameraMode":{"drawMode":0,"name":"Shaded","section":"Shading Mode"},"sceneLighting":false,"audioPlay":false,"sceneViewState":{"showFog":true,"showMaterialUpdate":false,"showSkybox":false,"showFlares":true,"showImageEffects":true,"showParticleSystems":true},"in2DMode":false,"pivot":{"x":0.3915708065032959,"y":0.4794169068336487,"z":0.9962117671966553},"rotation":{"x":-0.08883131295442581,"y":0.8879352807998657,"z":-0.19343772530555726,"w":-0.4077632427215576},"size":0.9355655908584595,"orthographic":false}