{"cameraMode":{"drawMode":0,"name":"Shaded","section":"Shading Mode"},"sceneLighting":true,"audioPlay":false,"sceneViewState":{"showFog":true,"showMaterialUpdate":false,"showSkybox":false,"showFlares":true,"showImageEffects":true,"showParticleSystems":true},"in2DMode":false,"pivot":{"x":-19.557329177856447,"y":0.12391519546508789,"z":-32.926055908203128},"rotation":{"x":-0.02860705927014351,"y":0.901793360710144,"z":-0.060418084263801578,"w":-0.4269774258136749},"size":42.13970947265625,"orthographic":false}