{"cameraMode":{"drawMode":0,"name":"Shaded","section":"Shading Mode"},"sceneLighting":false,"audioPlay":false,"sceneViewState":{"showFog":true,"showMaterialUpdate":false,"showSkybox":false,"showFlares":true,"showImageEffects":true,"showParticleSystems":true},"in2DMode":false,"pivot":{"x":9.319995880126954,"y":0.8366222381591797,"z":7.8654656410217289},"rotation":{"x":-0.004715726710855961,"y":0.9742482304573059,"z":-0.22452016174793244,"w":-0.02046174556016922},"size":6.482701301574707,"orthographic":false}